,title,id,author,score,upvote_ratio,url
0,"Daily General Discussion and Advice Thread - September 14, 2024",1fghyet,AutoModerator,1,1.0,https://www.reddit.com/r/investing/comments/1fghyet/daily_general_discussion_and_advice_thread/
1,"Are the ""Space"" stocks a good buy right now?",1fg5erd,paragonx29,88,0.77,https://www.reddit.com/r/investing/comments/1fg5erd/are_the_space_stocks_a_good_buy_right_now/
2,UTMA to 529 transfer with least tax implication,1fgjqn5,iamnotacleverman0,7,1.0,https://www.reddit.com/r/investing/comments/1fgjqn5/utma_to_529_transfer_with_least_tax_implication/
3,Max 401k contributions and live off savings or just fund normally,1fgejha,No_Pace2396,7,0.83,https://www.reddit.com/r/investing/comments/1fgejha/max_401k_contributions_and_live_off_savings_or/
4,How many ETF's should I invest in and what should I allocate to each one,1fgixnh,replicator85,2,0.63,https://www.reddit.com/r/investing/comments/1fgixnh/how_many_etfs_should_i_invest_in_and_what_should/
5,Long Term Investment and Savings,1fgi3p7,thumbsonbeavers,0,0.5,https://www.reddit.com/r/investing/comments/1fgi3p7/long_term_investment_and_savings/
6,Does anyone have a clue as to how Alpha Architect will document the Aug 14 distribution of its ETF named BOXX?,1fgc5h7,swampwiz,3,0.81,https://www.reddit.com/r/investing/comments/1fgc5h7/does_anyone_have_a_clue_as_to_how_alpha_architect/
7,Should I invest my emergency fund or not? ,1fg7kp9,ZooKeeperCzar,5,0.57,https://www.reddit.com/r/investing/comments/1fg7kp9/should_i_invest_my_emergency_fund_or_not/
8,Emerging Markets or Just India?,1ffshfy,UpbeatGarden3746,29,0.66,https://www.reddit.com/r/investing/comments/1ffshfy/emerging_markets_or_just_india/
9,Value investing in (UK) life insurance companies,1ffwqk1,Pipthagoras,14,0.85,https://www.reddit.com/r/investing/comments/1ffwqk1/value_investing_in_uk_life_insurance_companies/
10,Non tech EFTs worth having. ,1fg6tyd,JonnyRottensTeeth,3,0.59,https://www.reddit.com/r/investing/comments/1fg6tyd/non_tech_efts_worth_having/
11,Advice for investing my last 10k yearly,1fg5wur,Excellent_Relief_403,4,0.63,https://www.reddit.com/r/investing/comments/1fg5wur/advice_for_investing_my_last_10k_yearly/
12,Non Dividend Stock Positions ,1fgfqu3,Federal-Recipe-4380,0,0.2,https://www.reddit.com/r/investing/comments/1fgfqu3/non_dividend_stock_positions/
13,How to move vested RSU from Morgan Stanley (at work/stock plan connect) to Robinhood,1fgfk3g,Imaginary_Dare_50,0,0.44,https://www.reddit.com/r/investing/comments/1fgfk3g/how_to_move_vested_rsu_from_morgan_stanley_at/
14,"Turned away from Schwab, where to go?",1fg1c1k,finadvice1232,4,0.63,https://www.reddit.com/r/investing/comments/1fg1c1k/turned_away_from_schwab_where_to_go/
15,"50,000 in Fidelity - What to invest?",1fgf146,EscapeOk5470,0,0.46,https://www.reddit.com/r/investing/comments/1fgf146/50000_in_fidelity_what_to_invest/
16,How can small cap index ETF grow in long run?,1ffmjee,SeriesNo2294,21,0.81,https://www.reddit.com/r/investing/comments/1ffmjee/how_can_small_cap_index_etf_grow_in_long_run/
17,"Daily General Discussion and Advice Thread - September 13, 2024",1ffq68w,AutoModerator,8,0.9,https://www.reddit.com/r/investing/comments/1ffq68w/daily_general_discussion_and_advice_thread/
18," It’s easy to buy gold, how /where do I sell it?",1ff40k9,moonbunR,176,0.84,https://www.reddit.com/r/investing/comments/1ff40k9/its_easy_to_buy_gold_how_where_do_i_sell_it/
19,GDX Breaking Out From Multiyear Consolidation?,1fg1395,careyectr,0,0.5,https://www.reddit.com/r/investing/comments/1fg1395/gdx_breaking_out_from_multiyear_consolidation/
20,I am considering to diversify portfolio with ETFs,1ffz5wa,Ok_Secret4642,0,0.33,https://www.reddit.com/r/investing/comments/1ffz5wa/i_am_considering_to_diversify_portfolio_with_etfs/
21,Dividend Stocks vs Index ,1ff8i6k,proteinsynthesisman,29,0.76,https://www.reddit.com/r/investing/comments/1ff8i6k/dividend_stocks_vs_index/
22,Has Seeking Alpha changed recently?,1fg04qp,Mossback5280,0,0.42,https://www.reddit.com/r/investing/comments/1fg04qp/has_seeking_alpha_changed_recently/
23,Survive “financial collapse”,1fgbxg2,PaulEngineer-89,0,0.15,https://www.reddit.com/r/investing/comments/1fgbxg2/survive_financial_collapse/
24,What do you think about the FOMC interest rates policy? Does this affect your investments and insights about the stock market?,1ffghwk,Damn_Os,1,0.54,https://www.reddit.com/r/investing/comments/1ffghwk/what_do_you_think_about_the_fomc_interest_rates/
25,Why is the $3000 capital loss deduction so low?,1fejp13,LarBrd33,264,0.85,https://www.reddit.com/r/investing/comments/1fejp13/why_is_the_3000_capital_loss_deduction_so_low/
26,1yr hold on newly opened Vanguard acct.,1ffw17o,Meathead1961,0,0.27,https://www.reddit.com/r/investing/comments/1ffw17o/1yr_hold_on_newly_opened_vanguard_acct/
27,Curiosity stream (CURI) has 40 million in cash and is worth 100 million,1ffw2fi,SmartBets,0,0.37,https://www.reddit.com/r/investing/comments/1ffw2fi/curiosity_stream_curi_has_40_million_in_cash_and/
28,Monitoring Mutual Funds thru Google sheets?,1ffgtme,jriker1,0,0.5,https://www.reddit.com/r/investing/comments/1ffgtme/monitoring_mutual_funds_thru_google_sheets/
29,Withdrawals from investment accounts,1ffna7b,ParallelMantis,0,0.17,https://www.reddit.com/r/investing/comments/1ffna7b/withdrawals_from_investment_accounts/
30,Position transfer not complient with the Securities Trading Act ?,1ffbdez,Quantum_Sushi,2,0.75,https://www.reddit.com/r/investing/comments/1ffbdez/position_transfer_not_complient_with_the/
31,Rolling over money to IRA while still employed?,1ffk0mk,aTribeCalledLex,0,0.25,https://www.reddit.com/r/investing/comments/1ffk0mk/rolling_over_money_to_ira_while_still_employed/
32,Capital Group American Funds claims they HAVE and CAN beat the indexes…,1ffng3y,Dramatic-Ferret-5990,0,0.25,https://www.reddit.com/r/investing/comments/1ffng3y/capital_group_american_funds_claims_they_have_and/
33,Best method to DCA a sum of 100k?,1ffd67d,PrestigiousFennel857,1,0.52,https://www.reddit.com/r/investing/comments/1ffd67d/best_method_to_dca_a_sum_of_100k/
34,Best investment to gift a 16 yo for (potential) long term,1ffkzsl,Comprehensive-Eye500,0,0.27,https://www.reddit.com/r/investing/comments/1ffkzsl/best_investment_to_gift_a_16_yo_for_potential/
35,Help with Roth IRA holdings,1ff8uxd,shonacb,1,0.57,https://www.reddit.com/r/investing/comments/1ff8uxd/help_with_roth_ira_holdings/
36,Taxes - does it make a real difference w/ ETFs? S&P 500,1ff8qa0,CantRecallWutIForgot,1,0.6,https://www.reddit.com/r/investing/comments/1ff8qa0/taxes_does_it_make_a_real_difference_w_etfs_sp_500/
37,Question re Buying 20-Year Bonds when Rates Falling ,1ff8ow0,BlueCyber007,0,0.43,https://www.reddit.com/r/investing/comments/1ff8ow0/question_re_buying_20year_bonds_when_rates_falling/
38,"When stocks are sold at a high price for profit, who is it sold to",1ffzaai,FarAd336,0,0.12,https://www.reddit.com/r/investing/comments/1ffzaai/when_stocks_are_sold_at_a_high_price_for_profit/
39,Strategies to de-densify $1m in employee stocks,1fet0al,Antique_Cut8181,13,0.64,https://www.reddit.com/r/investing/comments/1fet0al/strategies_to_dedensify_1m_in_employee_stocks/
40,Avoiding settled funds violations,1ff4ty5,a_printer_daemon,0,0.5,https://www.reddit.com/r/investing/comments/1ff4ty5/avoiding_settled_funds_violations/
41,Good idea to buy bond funds before the rate cut?,1feurzv,mrandr01d,6,0.61,https://www.reddit.com/r/investing/comments/1feurzv/good_idea_to_buy_bond_funds_before_the_rate_cut/
42,What age and salary did you first max your ROTH IRA?,1fedamh,BusinessBabaBoi,57,0.73,https://www.reddit.com/r/investing/comments/1fedamh/what_age_and_salary_did_you_first_max_your_roth/
43,"EU cuts rate to 3.65 from 4.25, now let’s see what will be US’s decision next week",1ff1qw3,alexc2020,0,0.48,https://www.reddit.com/r/investing/comments/1ff1qw3/eu_cuts_rate_to_365_from_425_now_lets_see_what/
44,Leading Market Platforms and Utilities,1ff1pnp,Juicebo-x,0,0.5,https://www.reddit.com/r/investing/comments/1ff1pnp/leading_market_platforms_and_utilities/
45,Is it beneficial for the total expected returns of a stock portfolio to rebalance occasionally between individual stocks?,1ff0vob,Former_Importance551,0,0.4,https://www.reddit.com/r/investing/comments/1ff0vob/is_it_beneficial_for_the_total_expected_returns/
46,Two-wheel & three-wheel EVs sector play,1feqsr5,zizala_2003,7,0.77,https://www.reddit.com/r/investing/comments/1feqsr5/twowheel_threewheel_evs_sector_play/
47,The issue of retaining an IRA account due to a change in work location,1ff0kzl,ValerionVaults,0,0.5,https://www.reddit.com/r/investing/comments/1ff0kzl/the_issue_of_retaining_an_ira_account_due_to_a/
48,What's the best investment strategy for aging seniors?,1fen5o8,rokizazin77,8,0.66,https://www.reddit.com/r/investing/comments/1fen5o8/whats_the_best_investment_strategy_for_aging/
49,Trying to find ETF allocation (4 funds).,1fez4ir,Left_Fisherman_920,1,0.6,https://www.reddit.com/r/investing/comments/1fez4ir/trying_to_find_etf_allocation_4_funds/
50,Two questions about investing on apps,1feyyxe,speedco,0,0.4,https://www.reddit.com/r/investing/comments/1feyyxe/two_questions_about_investing_on_apps/
51,"Cannot buy VOO, Have VT, Hows this for a “third option”",1fffcn9,Tourdrops,0,0.19,https://www.reddit.com/r/investing/comments/1fffcn9/cannot_buy_voo_have_vt_hows_this_for_a_third/
52,Can I rollover my DCP into an IRA of 401k after leaving job?,1feyega,PhotoJoe_,0,0.5,https://www.reddit.com/r/investing/comments/1feyega/can_i_rollover_my_dcp_into_an_ira_of_401k_after/
53,"Daily General Discussion and Advice Thread - September 12, 2024",1fey0oc,AutoModerator,1,0.57,https://www.reddit.com/r/investing/comments/1fey0oc/daily_general_discussion_and_advice_thread/
54,Understanding my employer match,1feu7uu,partlycloudy531,1,0.55,https://www.reddit.com/r/investing/comments/1feu7uu/understanding_my_employer_match/
55,Update of paying off mortage vs investing in equities ,1ffa0g0,Apprehensive_Two1528,0,0.33,https://www.reddit.com/r/investing/comments/1ffa0g0/update_of_paying_off_mortage_vs_investing_in/
56,Best strategy to use on an overvalued stock? ,1fefx1l,fav453,15,0.79,https://www.reddit.com/r/investing/comments/1fefx1l/best_strategy_to_use_on_an_overvalued_stock/
57,Home equity investment advice!!,1fepspu,suyogshah,3,0.67,https://www.reddit.com/r/investing/comments/1fepspu/home_equity_investment_advice/
58,Does any company provide a hybrid or a combo managed/self directed account?,1fes2zs,las2k,2,0.63,https://www.reddit.com/r/investing/comments/1fes2zs/does_any_company_provide_a_hybrid_or_a_combo/
59,Dividend Investing Question,1ff4hhd,Ok_Assignment4100,0,0.13,https://www.reddit.com/r/investing/comments/1ff4hhd/dividend_investing_question/
60,where to invest if the world is projected to become rainier?,1ff81kp,greatbear8,0,0.22,https://www.reddit.com/r/investing/comments/1ff81kp/where_to_invest_if_the_world_is_projected_to/
61,I have multiple 401ks and 403b and I want to merge them.,1feh9q8,Graylily,5,0.7,https://www.reddit.com/r/investing/comments/1feh9q8/i_have_multiple_401ks_and_403b_and_i_want_to/
62,How do I get myself out of the fear due to uninverting yield curve?,1ff6hnl,confused-student1028,0,0.31,https://www.reddit.com/r/investing/comments/1ff6hnl/how_do_i_get_myself_out_of_the_fear_due_to/
63,Presidential elections and the market ,1ff3oam,smegma-man123,0,0.2,https://www.reddit.com/r/investing/comments/1ff3oam/presidential_elections_and_the_market/
64,"Daily General Discussion and Advice Thread - September 11, 2024",1fe5lwy,AutoModerator,12,0.81,https://www.reddit.com/r/investing/comments/1fe5lwy/daily_general_discussion_and_advice_thread/
65,Investing more % than my Company Match into 401k,1fefj7p,LabyrinthLayers,3,0.55,https://www.reddit.com/r/investing/comments/1fefj7p/investing_more_than_my_company_match_into_401k/
66,"When and how are you considering investment in quantum computing technologies, companies, and QCaaS? ",1fehtml,whimsicahellish,2,0.62,https://www.reddit.com/r/investing/comments/1fehtml/when_and_how_are_you_considering_investment_in/
67,Roth IRA - Changing investment plans to optimize returns,1fefgh5,Ok_Assignment4100,1,0.6,https://www.reddit.com/r/investing/comments/1fefgh5/roth_ira_changing_investment_plans_to_optimize/
68,Should I liquidate or just transfer assets,1feqjaa,Separate-Row2424,0,0.14,https://www.reddit.com/r/investing/comments/1feqjaa/should_i_liquidate_or_just_transfer_assets/
69,"Warren Buffett said he can get a 50% annual return if he is managing small sum of money, do you think it's possible?",1fda1ne,Key_Type_4102,655,0.89,https://www.reddit.com/r/investing/comments/1fda1ne/warren_buffett_said_he_can_get_a_50_annual_return/
70,Portfolio allocation plan,1fe5ucn,UpbeatGarden3746,3,0.64,https://www.reddit.com/r/investing/comments/1fe5ucn/portfolio_allocation_plan/
71,Prosper and why I hate Texas,1ff15ab,Iron_man_wannabe,0,0.1,https://www.reddit.com/r/investing/comments/1ff15ab/prosper_and_why_i_hate_texas/
72,Roth IRA investment options for a 23 yo female (QQQ or QQQM),1femfri,TboneTheHamster,0,0.36,https://www.reddit.com/r/investing/comments/1femfri/roth_ira_investment_options_for_a_23_yo_female/
73,Is this the perfect Roth portfolio?,1fefa6p,Kr1s2phr,0,0.33,https://www.reddit.com/r/investing/comments/1fefa6p/is_this_the_perfect_roth_portfolio/
74,How does a Roth IRA grow exponentially?,1fekz4y,TaintDempsey,0,0.45,https://www.reddit.com/r/investing/comments/1fekz4y/how_does_a_roth_ira_grow_exponentially/
75,Are gold miners a good hedge against geopolitical risk?,1fed02m,Ou_deis,0,0.46,https://www.reddit.com/r/investing/comments/1fed02m/are_gold_miners_a_good_hedge_against_geopolitical/
76,"need to find some correct terms about a investment behavior
",1fe0ni6,ww-stl,2,0.55,https://www.reddit.com/r/investing/comments/1fe0ni6/need_to_find_some_correct_terms_about_a/
77,Avoiding wash sale when moving from VOO to SPUS,1fej0dg,cswld,0,0.16,https://www.reddit.com/r/investing/comments/1fej0dg/avoiding_wash_sale_when_moving_from_voo_to_spus/
78,Keeping track of dividends? ,1fe0gif,Current-Schedule1781,1,0.6,https://www.reddit.com/r/investing/comments/1fe0gif/keeping_track_of_dividends/
79,Active investing vs paying off debt,1fdyv3i,below298,0,0.46,https://www.reddit.com/r/investing/comments/1fdyv3i/active_investing_vs_paying_off_debt/
80,Is investing in small cap stocks at the moment a good idea for alpha? WSJ had an article yesterday suggesting the same,1fdmuqk,Realistic_Criticism8,3,0.59,https://www.reddit.com/r/investing/comments/1fdmuqk/is_investing_in_small_cap_stocks_at_the_moment_a/
81,"Is the concept of ""Equity Risk Premium"" shrinking over time?",1fdcj3a,DottMySaviour,17,0.76,https://www.reddit.com/r/investing/comments/1fdcj3a/is_the_concept_of_equity_risk_premium_shrinking/
82,Someone try and talk me out of going 50% BRK 50% VOO ,1fe6oo0,Spiritual_Food_8300,0,0.47,https://www.reddit.com/r/investing/comments/1fe6oo0/someone_try_and_talk_me_out_of_going_50_brk_50_voo/
83,"Help with Vanguard 529 Basics and ""CalKIDS"" Program in California",1fdtxcb,AlecJTrevelyan,1,0.57,https://www.reddit.com/r/investing/comments/1fdtxcb/help_with_vanguard_529_basics_and_calkids_program/
84,What would you do if your financial advisor told you this. ,1fcu13v,Slimthickmadukes,194,0.75,https://www.reddit.com/r/investing/comments/1fcu13v/what_would_you_do_if_your_financial_advisor_told/
85,Cost Basis difference in Chase Brokerage vs Robinhood when exercising call options,1fdpqfh,browndroid,1,0.67,https://www.reddit.com/r/investing/comments/1fdpqfh/cost_basis_difference_in_chase_brokerage_vs/
86,"Daily General Discussion and Advice Thread - September 10, 2024",1fdddmk,AutoModerator,5,1.0,https://www.reddit.com/r/investing/comments/1fdddmk/daily_general_discussion_and_advice_thread/
87,US Bitcoin ETFs Face Record Outflows Amid Market Volatility,1fcviht,OkLiterature9978,49,0.77,https://www.reddit.com/r/investing/comments/1fcviht/us_bitcoin_etfs_face_record_outflows_amid_market/
88,"Sold a piece of investment property netted 625k. I intend to use it to buy more real estate, where should I park this money?",1fe896w,Swoopysloop,0,0.13,https://www.reddit.com/r/investing/comments/1fe896w/sold_a_piece_of_investment_property_netted_625k_i/
89,Going off of the last post… at what point DOES someone need a wealth manager?,1fcq8sy,jaemoon7,79,0.82,https://www.reddit.com/r/investing/comments/1fcq8sy/going_off_of_the_last_post_at_what_point_does/
90,"Roth IRA question, 18. First time",1fdvjj7,Appropriate-Fan-9855,0,0.29,https://www.reddit.com/r/investing/comments/1fdvjj7/roth_ira_question_18_first_time/
91,Inheritance - asset price and asset income discrepancy in europe,1fdhh0z,Actual-Double-2719,0,0.45,https://www.reddit.com/r/investing/comments/1fdhh0z/inheritance_asset_price_and_asset_income/
92,Best options for excess cash ,1fd0tj7,Boston_Jon_189,17,0.82,https://www.reddit.com/r/investing/comments/1fd0tj7/best_options_for_excess_cash/
93,"Have little mortgage on new home and equity, or invest funds from sale of old home into something else?",1fd8nit,OurAngryBadger,3,0.67,https://www.reddit.com/r/investing/comments/1fd8nit/have_little_mortgage_on_new_home_and_equity_or/
94,The permanent 2% allocation dilemma,1fdpov0,Constant_Air1532,0,0.42,https://www.reddit.com/r/investing/comments/1fdpov0/the_permanent_2_allocation_dilemma/
95,Assets negatively correlated with stocks?,1fd4vwu,ZjY5MjFk,6,0.65,https://www.reddit.com/r/investing/comments/1fd4vwu/assets_negatively_correlated_with_stocks/
96,Financial Advisors - Private/Hard Money?,1fdc2q6,HighDesert505,1,0.6,https://www.reddit.com/r/investing/comments/1fdc2q6/financial_advisors_privatehard_money/
97,Evaluating Down Payment Options for Home Purchase: Impact on Investment Portfolio,1fd8jzd,oohk1llem,1,0.56,https://www.reddit.com/r/investing/comments/1fd8jzd/evaluating_down_payment_options_for_home_purchase/
98,Good position tracking with after hours updates?,1fd5zrl,Ok_Subject_2220,4,0.7,https://www.reddit.com/r/investing/comments/1fd5zrl/good_position_tracking_with_after_hours_updates/
99,Best Stocks/ETFs to invest in for 10-15 year growth?,1fd7gak,Old-Food2140,2,0.58,https://www.reddit.com/r/investing/comments/1fd7gak/best_stocksetfs_to_invest_in_for_1015_year_growth/
100,Should I roll my 401k into my Traditional IRA and then convert to Roth at age 30?,1fdi76z,Im_The_One,0,0.39,https://www.reddit.com/r/investing/comments/1fdi76z/should_i_roll_my_401k_into_my_traditional_ira_and/
101,Advice On What I Should Do?,1fd90up,Competitive-Ad4561,1,0.57,https://www.reddit.com/r/investing/comments/1fd90up/advice_on_what_i_should_do/
102,Lets take a lot at HR Management Software,1fdjmm3,TickernomicsOfficial,0,0.29,https://www.reddit.com/r/investing/comments/1fdjmm3/lets_take_a_lot_at_hr_management_software/
103,Do I really need a wealth manager?,1fcct5d,CyberMage256,96,0.74,https://www.reddit.com/r/investing/comments/1fcct5d/do_i_really_need_a_wealth_manager/
104,Is it a good time to do DCA,1fcjp2d,dissaormegrezpj,42,0.64,https://www.reddit.com/r/investing/comments/1fcjp2d/is_it_a_good_time_to_do_dca/
105,Is USFR safe to use and how does it work?,1fd38xb,Loagn1gd,0,0.5,https://www.reddit.com/r/investing/comments/1fd38xb/is_usfr_safe_to_use_and_how_does_it_work/
106,Wealth management company suggestions,1fd2yim,atashi-wa,0,0.5,https://www.reddit.com/r/investing/comments/1fd2yim/wealth_management_company_suggestions/
107,Question about Tax Deferred Retirement Account,1fd2b6b,Dazzling_Analyst_920,1,0.57,https://www.reddit.com/r/investing/comments/1fd2b6b/question_about_tax_deferred_retirement_account/
108,Tbill Interest Question – how\when are they appropriated\budgeted ???,1fd23v4,B00B00_,0,0.5,https://www.reddit.com/r/investing/comments/1fd23v4/tbill_interest_question_howwhen_are_they/
109,ESPP transition to ROTH IRA?,1fcz8jt,TravRado1024,0,0.4,https://www.reddit.com/r/investing/comments/1fcz8jt/espp_transition_to_roth_ira/
110,ETF investing - market spread fees,1fcx9a9,HappyPints,0,0.5,https://www.reddit.com/r/investing/comments/1fcx9a9/etf_investing_market_spread_fees/
111,Investing for Kids and teaching them - recommended Apps and also situational advice,1fcuzov,babbagack,0,0.5,https://www.reddit.com/r/investing/comments/1fcuzov/investing_for_kids_and_teaching_them_recommended/
112,"Does wash sale rule apply if I sell multiple positions of the same stock, but my net sell is a gain?",1fcunle,Skilax06md,1,0.57,https://www.reddit.com/r/investing/comments/1fcunle/does_wash_sale_rule_apply_if_i_sell_multiple/
113,"Daily General Discussion and Advice Thread - September 09, 2024",1fckydj,AutoModerator,3,0.81,https://www.reddit.com/r/investing/comments/1fckydj/daily_general_discussion_and_advice_thread/
114,I can't spend my money because I think I'd rather invest it. ,1fbwln3,Kind_Year_4839,162,0.77,https://www.reddit.com/r/investing/comments/1fbwln3/i_cant_spend_my_money_because_i_think_id_rather/
115,Suggested me to move short term bond to long term bond,1fchsum,veetowner,5,0.7,https://www.reddit.com/r/investing/comments/1fchsum/suggested_me_to_move_short_term_bond_to_long_term/
116,Should I switch to a fee vs. % based investment firm?,1fd084v,-McSlizzy-,0,0.37,https://www.reddit.com/r/investing/comments/1fd084v/should_i_switch_to_a_fee_vs_based_investment_firm/
117,Company seems to be setting up for layoffs. What can I do with 200k cash to generate some income?,1fd4zww,Pale_Yoghurt_9549,0,0.42,https://www.reddit.com/r/investing/comments/1fd4zww/company_seems_to_be_setting_up_for_layoffs_what/
118,How can I figure out my average rate of return?,1fctmbe,123android,0,0.38,https://www.reddit.com/r/investing/comments/1fctmbe/how_can_i_figure_out_my_average_rate_of_return/
119,Which udemy investment course actually has value?,1fc684r,private_peanutt,14,0.79,https://www.reddit.com/r/investing/comments/1fc684r/which_udemy_investment_course_actually_has_value/
120,VWRA current price on LSE,1fck1g0,SeriesNo2294,1,0.67,https://www.reddit.com/r/investing/comments/1fck1g0/vwra_current_price_on_lse/
121,Retirement account as a college student,1fchz5x,Careless_Craft3573,1,0.56,https://www.reddit.com/r/investing/comments/1fchz5x/retirement_account_as_a_college_student/
122,Short term investment product,1fcgiln,ElectroShamrock,0,0.4,https://www.reddit.com/r/investing/comments/1fcgiln/short_term_investment_product/
123,Warren Buffett’s first rule of investing never made sense to me?,1fbqg84,Then_Eye8040,55,0.63,https://www.reddit.com/r/investing/comments/1fbqg84/warren_buffetts_first_rule_of_investing_never/
124,Sister about to have a baby - whats the best way to setup a savings account for them at 18?,1fcomf1,pretendfarmerL,0,0.14,https://www.reddit.com/r/investing/comments/1fcomf1/sister_about_to_have_a_baby_whats_the_best_way_to/
125,Need advice on investing.,1fcfj6b,TheGingerGiraffe68,0,0.4,https://www.reddit.com/r/investing/comments/1fcfj6b/need_advice_on_investing/
126,Cotton option futures - 1 to 2 year hold?,1fcakpt,Relevant_Guitar_7465,2,0.62,https://www.reddit.com/r/investing/comments/1fcakpt/cotton_option_futures_1_to_2_year_hold/
127,Seeking advice on current situation ,1fc59j2,tv_monster,2,0.6,https://www.reddit.com/r/investing/comments/1fc59j2/seeking_advice_on_current_situation/
128,Help I want to start investing full time to replace my dead end job. ,1fctym3,Every-Public-999,0,0.25,https://www.reddit.com/r/investing/comments/1fctym3/help_i_want_to_start_investing_full_time_to/
129,What would you do if you were in my shoes? Seeking advice ,1fcdu0u,saffronroselate,0,0.42,https://www.reddit.com/r/investing/comments/1fcdu0u/what_would_you_do_if_you_were_in_my_shoes_seeking/
130,"Daily General Discussion and Advice Thread - September 08, 2024",1fbthq0,AutoModerator,12,0.93,https://www.reddit.com/r/investing/comments/1fbthq0/daily_general_discussion_and_advice_thread/
131,Building portfolio to avoid PFIC,1fc5ork,Simple-Ad7653,0,0.5,https://www.reddit.com/r/investing/comments/1fc5ork/building_portfolio_to_avoid_pfic/
132,Does CREB have any place in your savings and investment setup?,1fc4jaf,hiroism4ever,1,0.67,https://www.reddit.com/r/investing/comments/1fc4jaf/does_creb_have_any_place_in_your_savings_and/
133,What to do with Dad's portfolio,1fbh52t,rueggy,41,0.78,https://www.reddit.com/r/investing/comments/1fbh52t/what_to_do_with_dads_portfolio/
134,Share distribution in equal weighted index ETFs,1fbz8e9,waitinonit,0,0.33,https://www.reddit.com/r/investing/comments/1fbz8e9/share_distribution_in_equal_weighted_index_etfs/
135,Portfolio Tracking with Options,1fc3dhv,Dizzy-Tooth-4730,0,0.25,https://www.reddit.com/r/investing/comments/1fc3dhv/portfolio_tracking_with_options/
136,Geographical stock diversification: when having a nationally based business.,1fbu1eb,SiebeA,2,0.63,https://www.reddit.com/r/investing/comments/1fbu1eb/geographical_stock_diversification_when_having_a/
137,Investing Terminology request,1fbkcme,Accomplished_Bid_602,9,0.77,https://www.reddit.com/r/investing/comments/1fbkcme/investing_terminology_request/
138,Looks like Russia is gearing up to snip underwater fiber cables...how would you hedge this risk?,1fas54o,WellThatsNoExcuse,757,0.8,https://www.reddit.com/r/investing/comments/1fas54o/looks_like_russia_is_gearing_up_to_snip/
139,Which is better for retirement: 401k or Brokerage?,1fc9tvo,poetbro,0,0.29,https://www.reddit.com/r/investing/comments/1fc9tvo/which_is_better_for_retirement_401k_or_brokerage/
140,Should you max HSA contribution before your IRA?,1fbiwi3,dockemphasis,7,0.72,https://www.reddit.com/r/investing/comments/1fbiwi3/should_you_max_hsa_contribution_before_your_ira/
141,Simple Book for 18 Year Old,1fbd368,FallowPie,12,0.84,https://www.reddit.com/r/investing/comments/1fbd368/simple_book_for_18_year_old/
142,Canadian that recently(ish) found out I'm American - are my investments fucked?,1fazud9,okanagantradingco,75,0.81,https://www.reddit.com/r/investing/comments/1fazud9/canadian_that_recentlyish_found_out_im_american/
143,Make additional mortgage payments or invest in real estate?,1fbpjze,FizzyRizz93,2,0.55,https://www.reddit.com/r/investing/comments/1fbpjze/make_additional_mortgage_payments_or_invest_in/
144,Should I continue the course and invest slowly in stock market or take money out to purchase a investment property,1fc2kkt,skurred666666,0,0.24,https://www.reddit.com/r/investing/comments/1fc2kkt/should_i_continue_the_course_and_invest_slowly_in/
145,Invest Illiterate late launch soon to be father ,1fbol9m,The-ZZBLA,0,0.5,https://www.reddit.com/r/investing/comments/1fbol9m/invest_illiterate_late_launch_soon_to_be_father/
146,Quick check on capital gains taxes,1fbme1z,cccuriousmonkey,1,0.52,https://www.reddit.com/r/investing/comments/1fbme1z/quick_check_on_capital_gains_taxes/
147,Question on Starting an Investing Club at School,1fbelfv,bookthief1205,4,0.69,https://www.reddit.com/r/investing/comments/1fbelfv/question_on_starting_an_investing_club_at_school/
148,401k vs Index Funds (for retirement),1fbnlhu,Chillieman16,0,0.47,https://www.reddit.com/r/investing/comments/1fbnlhu/401k_vs_index_funds_for_retirement/
149,Can someone explain why PEG=1 is fair value? Like I have an IQ of 60. ,1fbtw9j,lifeisashow,0,0.39,https://www.reddit.com/r/investing/comments/1fbtw9j/can_someone_explain_why_peg1_is_fair_value_like_i/
150,Fidelity vs. US Bank Wealth Management,1fb465m,ImpressionAcademic,5,0.73,https://www.reddit.com/r/investing/comments/1fb465m/fidelity_vs_us_bank_wealth_management/
151,Robotrader selection for high earners,1fbdwe4,clevernamehere,0,0.5,https://www.reddit.com/r/investing/comments/1fbdwe4/robotrader_selection_for_high_earners/
152,Guidance on Stop-Order / Tailing Stop-Loss trade,1fbcpy1,LawOfPain15,0,0.5,https://www.reddit.com/r/investing/comments/1fbcpy1/guidance_on_stoporder_tailing_stoploss_trade/
153,I see a lot of posts about what do I put money in long term etc. However my question is about what to sell after hitting your investing goal.,1fbaeaf,zygazote,2,0.57,https://www.reddit.com/r/investing/comments/1fbaeaf/i_see_a_lot_of_posts_about_what_do_i_put_money_in/
154,"Settled a lawsuit and will pocket about $180k, never had a savings account or invested. Where to start?",1faluec,unfamiliarllama,55,0.76,https://www.reddit.com/r/investing/comments/1faluec/settled_a_lawsuit_and_will_pocket_about_180k/
155,"Daily General Discussion and Advice Thread - September 07, 2024",1fb2ovh,AutoModerator,2,0.75,https://www.reddit.com/r/investing/comments/1fb2ovh/daily_general_discussion_and_advice_thread/
156,Interesting comment while listening to CNBC of market volatility ,1faj4xi,httmper,34,0.79,https://www.reddit.com/r/investing/comments/1faj4xi/interesting_comment_while_listening_to_cnbc_of/
157,Bottoming today? Rally into Fed meeting?,1fak57f,careyectr,27,0.61,https://www.reddit.com/r/investing/comments/1fak57f/bottoming_today_rally_into_fed_meeting/
158,Should I consolidate my portfolio into VTI and VXUS?,1fb6lfg,ohcode,0,0.38,https://www.reddit.com/r/investing/comments/1fb6lfg/should_i_consolidate_my_portfolio_into_vti_and/
159,Anyone else considering a Broadcom investment?,1fb94uk,staceym0204,0,0.33,https://www.reddit.com/r/investing/comments/1fb94uk/anyone_else_considering_a_broadcom_investment/
160,Wharton Global Investment Competition,1fb18f6,rickjmgsw,0,0.4,https://www.reddit.com/r/investing/comments/1fb18f6/wharton_global_investment_competition/
161,Withdrew funds accidentally…,1fbfw2l,Many_Coconut7638,0,0.35,https://www.reddit.com/r/investing/comments/1fbfw2l/withdrew_funds_accidentally/
162,August Jobs Report - Job Gains Weaker Than Predicted,1fal5tk,Xx_Time_xX,10,0.91,https://www.reddit.com/r/investing/comments/1fal5tk/august_jobs_report_job_gains_weaker_than_predicted/
163,Scared to get started investing,1fakkzj,ansterthemonster,10,0.73,https://www.reddit.com/r/investing/comments/1fakkzj/scared_to_get_started_investing/
164,"When choosing a long term investment, should I look for 10-year return or Life of fund percentages? ",1faqh2k,GhostofDeception,4,0.83,https://www.reddit.com/r/investing/comments/1faqh2k/when_choosing_a_long_term_investment_should_i/
165,Rollover 401(k) to Roth IRA?,1faz18t,crystalg81,1,0.57,https://www.reddit.com/r/investing/comments/1faz18t/rollover_401k_to_roth_ira/
166,"No 401(k) matching, invest in Roth IRA instead?",1fayvl8,crystalg81,0,0.5,https://www.reddit.com/r/investing/comments/1fayvl8/no_401k_matching_invest_in_roth_ira_instead/
167,Cash balance plan. Shady business or not? ,1fap6im,Huge_Bedroom291,3,0.8,https://www.reddit.com/r/investing/comments/1fap6im/cash_balance_plan_shady_business_or_not/
168,Question about charges on vanguard,1fatgki,davidscc32,0,0.4,https://www.reddit.com/r/investing/comments/1fatgki/question_about_charges_on_vanguard/
169,micro portfolio to start with - 500-1000$ USD ,1fayl6t,Shao_Ling,0,0.25,https://www.reddit.com/r/investing/comments/1fayl6t/micro_portfolio_to_start_with_5001000_usd/
170,Employer 401K - Target Fund or SP500?,1fa2rre,iMlKEx,39,0.77,https://www.reddit.com/r/investing/comments/1fa2rre/employer_401k_target_fund_or_sp500/
171,How's the future of Japan investing looking?,1fa6810,Consistent_Tutor_597,21,0.9,https://www.reddit.com/r/investing/comments/1fa6810/hows_the_future_of_japan_investing_looking/
172,Alternative investments beyond stocks and property,1fajaw3,Arboga_10_2,3,0.64,https://www.reddit.com/r/investing/comments/1fajaw3/alternative_investments_beyond_stocks_and_property/
173,How are withdrawals on a brokerage account taxed?,1faxa8l,reddituser8739012987,0,0.36,https://www.reddit.com/r/investing/comments/1faxa8l/how_are_withdrawals_on_a_brokerage_account_taxed/
174,Roth-IRA performance. Should I adjust?,1falaa2,rakovi,0,0.5,https://www.reddit.com/r/investing/comments/1falaa2/rothira_performance_should_i_adjust/
175,What to do with 20k in cash,1fa3ov4,Gallismore,16,0.63,https://www.reddit.com/r/investing/comments/1fa3ov4/what_to_do_with_20k_in_cash/
176,Thoughts on memory stocks and the current market downturn,1faj0l9,paradoxcabbie,0,0.4,https://www.reddit.com/r/investing/comments/1faj0l9/thoughts_on_memory_stocks_and_the_current_market/
177,Do you keep your portfolio when you buy the dip,1fai30z,teddyevelynmosby,1,0.56,https://www.reddit.com/r/investing/comments/1fai30z/do_you_keep_your_portfolio_when_you_buy_the_dip/
178,investment advice for my elderly parents,1fahwor,Mulletville,0,0.5,https://www.reddit.com/r/investing/comments/1fahwor/investment_advice_for_my_elderly_parents/
179,Difference between investor and Institutional shares of a mutual fund ,1fahoyf,cswld,0,0.33,https://www.reddit.com/r/investing/comments/1fahoyf/difference_between_investor_and_institutional/
180,Looking for investing firm. ,1fahndc,BigApprehensive6139,0,0.33,https://www.reddit.com/r/investing/comments/1fahndc/looking_for_investing_firm/
181,Swing and Cyclical trading,1fahfca,Ok-Kaleidoscope-4808,1,0.57,https://www.reddit.com/r/investing/comments/1fahfca/swing_and_cyclical_trading/
182,"Daily General Discussion and Advice Thread - September 06, 2024",1faalwj,AutoModerator,3,1.0,https://www.reddit.com/r/investing/comments/1faalwj/daily_general_discussion_and_advice_thread/
183,Are Japanese exchange-traded funds a good investment?,1fagpa8,Impressive-Ad1944,0,0.4,https://www.reddit.com/r/investing/comments/1fagpa8/are_japanese_exchangetraded_funds_a_good/
184,What's the shortest investment horizon where you have a 90% chance of stocks beating risk free returns? ,1fakvyt,thatoddtetrapod,0,0.5,https://www.reddit.com/r/investing/comments/1fakvyt/whats_the_shortest_investment_horizon_where_you/
185,Looking for ETFs that pay only qualified dividends,1f9wlaj,swampwiz,20,0.74,https://www.reddit.com/r/investing/comments/1f9wlaj/looking_for_etfs_that_pay_only_qualified_dividends/
186,Trying to Understand how selling secured puts work,1faepc0,Fusestone,0,0.5,https://www.reddit.com/r/investing/comments/1faepc0/trying_to_understand_how_selling_secured_puts_work/
187,Could someone possibly explain to me the advantages of investing for the long term instead of spending your money for enjoyment right now?,1fb4hob,PersonalRelative8616,0,0.19,https://www.reddit.com/r/investing/comments/1fb4hob/could_someone_possibly_explain_to_me_the/
188,Should I remain Diversified or Rotate to S&P500,1f9vbgl,xAmity_,23,0.72,https://www.reddit.com/r/investing/comments/1f9vbgl/should_i_remain_diversified_or_rotate_to_sp500/
189,"Dilemma on how to manage my ""house"" money",1f9ysy5,Hiker2024_31,13,0.67,https://www.reddit.com/r/investing/comments/1f9ysy5/dilemma_on_how_to_manage_my_house_money/
190,Explain mutual fund fees to me,1fahh8l,buildyourown,0,0.33,https://www.reddit.com/r/investing/comments/1fahh8l/explain_mutual_fund_fees_to_me/
191,Has anybody used JP Morgan chase for investing?,1fa8qkr,Momof-3DDDs,0,0.38,https://www.reddit.com/r/investing/comments/1fa8qkr/has_anybody_used_jp_morgan_chase_for_investing/
192,Work 403b investment account help,1fa2cbn,HaywoodJablowme10,2,0.75,https://www.reddit.com/r/investing/comments/1fa2cbn/work_403b_investment_account_help/
193,"Changed Companies, New ESPP Worth It?",1f9nlfx,Chopr,13,0.76,https://www.reddit.com/r/investing/comments/1f9nlfx/changed_companies_new_espp_worth_it/
194,Best investment for a child’s fund and protection,1fa6278,GlitteringComfort909,0,0.5,https://www.reddit.com/r/investing/comments/1fa6278/best_investment_for_a_childs_fund_and_protection/
195,Vusxx through chase self direct,1f9tdyk,Bxraze,5,0.78,https://www.reddit.com/r/investing/comments/1f9tdyk/vusxx_through_chase_self_direct/
196,Long-Term Investment Strategy: Is 100% in Invesco S&P 500 ETF or Leveraged ETFs a Good Choice?,1f9kjc1,Yarokrma,11,0.71,https://www.reddit.com/r/investing/comments/1f9kjc1/longterm_investment_strategy_is_100_in_invesco_sp/
197,Is McDonald’s starting to look cheap or what? ,1facr6r,Apeist,0,0.47,https://www.reddit.com/r/investing/comments/1facr6r/is_mcdonalds_starting_to_look_cheap_or_what/
198,Emerging Market Bonds vs US Corporate Bonds,1f9ng3e,Tiny-Pomegranate7662,6,1.0,https://www.reddit.com/r/investing/comments/1f9ng3e/emerging_market_bonds_vs_us_corporate_bonds/
199,Looking for brokerage to invest in A shares,1f9itni,ffinde,10,0.73,https://www.reddit.com/r/investing/comments/1f9itni/looking_for_brokerage_to_invest_in_a_shares/
200,Are stop-loss orders useful?,1f9l2ha,unused_user_name,6,0.62,https://www.reddit.com/r/investing/comments/1f9l2ha/are_stoploss_orders_useful/
201,"Long-term investment advice: KKR, Blackstone, or Apollo Global Management?",1f9m4eo,nuggettendie,4,1.0,https://www.reddit.com/r/investing/comments/1f9m4eo/longterm_investment_advice_kkr_blackstone_or/
202,VTSAX not included in Vanguard UK?,1f9w3xy,ExploringComplexity,0,0.5,https://www.reddit.com/r/investing/comments/1f9w3xy/vtsax_not_included_in_vanguard_uk/
203,Robinhood: How do you read ETF expense ratios?,1fa54ol,ICohen2000,0,0.25,https://www.reddit.com/r/investing/comments/1fa54ol/robinhood_how_do_you_read_etf_expense_ratios/
204,Is Trading Academy Legit? ,1fa4h46,Artistic_Fennel_3220,0,0.22,https://www.reddit.com/r/investing/comments/1fa4h46/is_trading_academy_legit/
205,"Daily General Discussion and Advice Thread - September 05, 2024",1f9huwn,AutoModerator,4,0.71,https://www.reddit.com/r/investing/comments/1f9huwn/daily_general_discussion_and_advice_thread/
206,Question on Pairing Funds Taxable vs Tax Advantaged,1f9rzgg,Wildcat_1,0,0.5,https://www.reddit.com/r/investing/comments/1f9rzgg/question_on_pairing_funds_taxable_vs_tax/
207,Conversion Roth IRA Investments ,1f9rl6x,Suspicious_Can_6716,0,0.5,https://www.reddit.com/r/investing/comments/1f9rl6x/conversion_roth_ira_investments/
208,Info about broker site legitimacy,1f9qpvv,TheBenaz,0,0.5,https://www.reddit.com/r/investing/comments/1f9qpvv/info_about_broker_site_legitimacy/
209,Do you think Russell 2000 small caps IWM will soar like crazy after interest rate cuts?,1fa4k1r,soulshock22,0,0.32,https://www.reddit.com/r/investing/comments/1fa4k1r/do_you_think_russell_2000_small_caps_iwm_will/
210,"Docusign earnings today, what to look for",1f9q06y,TickernomicsOfficial,0,0.5,https://www.reddit.com/r/investing/comments/1f9q06y/docusign_earnings_today_what_to_look_for/
211,Chip/AI supplier recommendations,1f9p1ir,rollinglounge,1,1.0,https://www.reddit.com/r/investing/comments/1f9p1ir/chipai_supplier_recommendations/
212,Investing in the top 7 companies of the S&P vs just buying VOO and leaving it alone. ,1f8uecd,Beneficial-Field9672,101,0.79,https://www.reddit.com/r/investing/comments/1f8uecd/investing_in_the_top_7_companies_of_the_sp_vs/
213,Arora report subscription worth?,1f9xqoc,Snowballeffects,0,0.25,https://www.reddit.com/r/investing/comments/1f9xqoc/arora_report_subscription_worth/
214,How the F do you calculate margin?,1f9x3la,Tiny-Art7074,0,0.43,https://www.reddit.com/r/investing/comments/1f9x3la/how_the_f_do_you_calculate_margin/
215,SunHydrogen  Asset Light business model appeals ,1f9skgq,Bossie81,0,0.33,https://www.reddit.com/r/investing/comments/1f9skgq/sunhydrogen_asset_light_business_model_appeals/
216,Grandpa is selling me his house at discount,1f8l3bg,joeyjoey5656,235,0.86,https://www.reddit.com/r/investing/comments/1f8l3bg/grandpa_is_selling_me_his_house_at_discount/
217,When a portfolio is diversified enough?,1f94iog,WorgenFurry,8,0.75,https://www.reddit.com/r/investing/comments/1f94iog/when_a_portfolio_is_diversified_enough/
218,I have a decent amount of savings in HYSA and want to put about half in a longer term investment strategy like VOO or QQQ. Is it better to do $1-$2k/month or 1-2 lump sum purchases?,1f99gz2,Jahstin,5,0.67,https://www.reddit.com/r/investing/comments/1f99gz2/i_have_a_decent_amount_of_savings_in_hysa_and/
219,Thoughts on switching my roth IRA with vanguard target fund to fidelity's FZROX?,1f918p5,hyoriworks,11,0.78,https://www.reddit.com/r/investing/comments/1f918p5/thoughts_on_switching_my_roth_ira_with_vanguard/
220,What Blue Chips are worth it in this part of the year?,1f9ohmg,Old-Food2140,0,0.37,https://www.reddit.com/r/investing/comments/1f9ohmg/what_blue_chips_are_worth_it_in_this_part_of_the/
221,Bought in to LUNR today to further diversify my personal brokerage alongside NVDA and ASTS,1f9pfti,eyetime11,0,0.32,https://www.reddit.com/r/investing/comments/1f9pfti/bought_in_to_lunr_today_to_further_diversify_my/
222,TORM shipping and TW stocks??,1f9493f,OnePurplePopcorn,3,1.0,https://www.reddit.com/r/investing/comments/1f9493f/torm_shipping_and_tw_stocks/
223,Roth Versus Traditional 401k Tax Advantages,1f94433,XSelectrolyte,2,0.6,https://www.reddit.com/r/investing/comments/1f94433/roth_versus_traditional_401k_tax_advantages/
224,Recent 401k to IRA rollover. Invest now?,1f9amut,pdxroash,1,0.53,https://www.reddit.com/r/investing/comments/1f9amut/recent_401k_to_ira_rollover_invest_now/
225,Could I please get input on my Fidelity allocation? ,1f940np,Reasonable-Tower7976,2,0.67,https://www.reddit.com/r/investing/comments/1f940np/could_i_please_get_input_on_my_fidelity_allocation/
226,Dividend Investment Advice,1f98trw,darkskye87,0,0.4,https://www.reddit.com/r/investing/comments/1f98trw/dividend_investment_advice/
227,Experience with US Bank self-directed IRA account?,1f938yq,boredomspren_,1,0.57,https://www.reddit.com/r/investing/comments/1f938yq/experience_with_us_bank_selfdirected_ira_account/
228,"Reality Check on Best Broker Fit For Me? Schwab, Fidelity or Interactive Brokers?",1f97yzu,BeingBalanced,0,0.33,https://www.reddit.com/r/investing/comments/1f97yzu/reality_check_on_best_broker_fit_for_me_schwab/
229,"Monster Beverages repurchases $3B in shares, is it undervalued?",1f8ghl7,ImDoubleB,58,0.81,https://www.reddit.com/r/investing/comments/1f8ghl7/monster_beverages_repurchases_3b_in_shares_is_it/
230,"What Do Hollow Candlesticks Mean? No, really!",1f9dpft,peterinjapan,0,0.33,https://www.reddit.com/r/investing/comments/1f9dpft/what_do_hollow_candlesticks_mean_no_really/
231,I know there’s overlay but would these three work out? ,1f9542n,tacocat_-_racecar,0,0.5,https://www.reddit.com/r/investing/comments/1f9542n/i_know_theres_overlay_but_would_these_three_work/
232,Simple future bull case for pfizer,1f947n8,tswizzy3,2,0.55,https://www.reddit.com/r/investing/comments/1f947n8/simple_future_bull_case_for_pfizer/
233,Investing in Indonesian exchange-traded funds,1f93jpg,Impressive-Ad1944,1,0.56,https://www.reddit.com/r/investing/comments/1f93jpg/investing_in_indonesian_exchangetraded_funds/
234,Deciding between Vanguard or Invesco EURO S&P ETF,1f8robv,PurpleFiat,3,1.0,https://www.reddit.com/r/investing/comments/1f8robv/deciding_between_vanguard_or_invesco_euro_sp_etf/
235,Why are so many retail investors focused on short term growth at the expense of long term growth? It seems the opposite of what most people are taught in life. ,1f84bwo,Jimmy_Johnny23,105,0.82,https://www.reddit.com/r/investing/comments/1f84bwo/why_are_so_many_retail_investors_focused_on_short/
236,Is investopedia accurate?,1f9bnn8,aueghhhh,0,0.35,https://www.reddit.com/r/investing/comments/1f9bnn8/is_investopedia_accurate/
237,"Daily General Discussion and Advice Thread - September 04, 2024",1f8okdn,AutoModerator,3,1.0,https://www.reddit.com/r/investing/comments/1f8okdn/daily_general_discussion_and_advice_thread/
238,I feel like I don't understand ETFs/Money Markets,1f8fh8y,CommissarHark,15,0.65,https://www.reddit.com/r/investing/comments/1f8fh8y/i_feel_like_i_dont_understand_etfsmoney_markets/
239,Need Advice on My Celsius Stock Investment,1f97adx,zaneguers,0,0.2,https://www.reddit.com/r/investing/comments/1f97adx/need_advice_on_my_celsius_stock_investment/
240,Roth IRA or my company matched 401k ,1f8l4j1,p_bres,5,0.78,https://www.reddit.com/r/investing/comments/1f8l4j1/roth_ira_or_my_company_matched_401k/
241,What are investors looking for when investing in AI startups,1f8q9xb,Pinorabo,0,0.44,https://www.reddit.com/r/investing/comments/1f8q9xb/what_are_investors_looking_for_when_investing_in/
242,"I've got 45000 INR or say 500 USD right now, where shall I invest?",1f9e8aj,mayankist,0,0.11,https://www.reddit.com/r/investing/comments/1f9e8aj/ive_got_45000_inr_or_say_500_usd_right_now_where/
243,Is individual stocks buying worth it? ,1f925bg,Consistent_Tutor_597,0,0.42,https://www.reddit.com/r/investing/comments/1f925bg/is_individual_stocks_buying_worth_it/
244,"Employer has good retirement benefits, should I abandon my Roth?",1f82noz,inoahguy34,30,0.73,https://www.reddit.com/r/investing/comments/1f82noz/employer_has_good_retirement_benefits_should_i/
245,Good Books on Small Cap Investing ,1f8iqa8,newguyneedshelp33,3,1.0,https://www.reddit.com/r/investing/comments/1f8iqa8/good_books_on_small_cap_investing/
246,Any tax reducing strategies to diversify single stock concentration?,1f8gsn0,Reasonable-Neck-1492,3,0.67,https://www.reddit.com/r/investing/comments/1f8gsn0/any_tax_reducing_strategies_to_diversify_single/
247,SCHD in a roth or traditional brokerage?,1f80345,cfeltus23,24,0.77,https://www.reddit.com/r/investing/comments/1f80345/schd_in_a_roth_or_traditional_brokerage/
248,Best place to store uninvested cash?,1f883xz,poetbro,8,0.72,https://www.reddit.com/r/investing/comments/1f883xz/best_place_to_store_uninvested_cash/
249,What are your stop loss order strategies? ,1f80n3m,SashMachine,19,0.77,https://www.reddit.com/r/investing/comments/1f80n3m/what_are_your_stop_loss_order_strategies/
250,About bank and tax for a joint account which include a canada resident and a non canada resident ,1f8haah,TOMCOK,2,1.0,https://www.reddit.com/r/investing/comments/1f8haah/about_bank_and_tax_for_a_joint_account_which/
251,Is a 529 the best way to save for my son and nephews' future educations?,1f88pqv,GrapefruitDry1907,4,0.84,https://www.reddit.com/r/investing/comments/1f88pqv/is_a_529_the_best_way_to_save_for_my_son_and/
252,SGOV as cash? (vs SGOV for emergencies),1f89mwf,Bruceshadow,4,0.7,https://www.reddit.com/r/investing/comments/1f89mwf/sgov_as_cash_vs_sgov_for_emergencies/
253,PG Preferred Stock for Upcoming Retirement,1f8diov,WhichSpartanIWanted,0,0.5,https://www.reddit.com/r/investing/comments/1f8diov/pg_preferred_stock_for_upcoming_retirement/
254,HELOC vs Roth IRA contributions for investment property - buildable land. ,1f801kd,OkFaithlessness3320,3,0.64,https://www.reddit.com/r/investing/comments/1f801kd/heloc_vs_roth_ira_contributions_for_investment/
255,Is investing 90% or your money a bad idea?,1f77udu,ianxf7,280,0.84,https://www.reddit.com/r/investing/comments/1f77udu/is_investing_90_or_your_money_a_bad_idea/
256,High yield/high FDiC insurance for short term cash “parking”,1f8025k,allnamestaken1968,4,0.66,https://www.reddit.com/r/investing/comments/1f8025k/high_yieldhigh_fdic_insurance_for_short_term_cash/
257,What's with the differences in returns between S&P 500 trackers?,1f7pkck,CantRecallWutIForgot,23,0.81,https://www.reddit.com/r/investing/comments/1f7pkck/whats_with_the_differences_in_returns_between_sp/
258,Help me evaluate my 401k balance ,1f87cqp,1_niceguy,1,0.67,https://www.reddit.com/r/investing/comments/1f87cqp/help_me_evaluate_my_401k_balance/
259,Move funds from I bonds to 529,1f7zvz2,Life-is-beautiful-,2,0.67,https://www.reddit.com/r/investing/comments/1f7zvz2/move_funds_from_i_bonds_to_529/
260,Question about selling and diversifying ,1f8562g,owatagusiam,0,0.5,https://www.reddit.com/r/investing/comments/1f8562g/question_about_selling_and_diversifying/
261,London exchange hours (regarding S&P500 etf),1f83ve9,Kanye_Is_Underrated,1,0.6,https://www.reddit.com/r/investing/comments/1f83ve9/london_exchange_hours_regarding_sp500_etf/
262,Advice on Vanguard money markets?,1f82d14,nomoredietyo,1,0.6,https://www.reddit.com/r/investing/comments/1f82d14/advice_on_vanguard_money_markets/
263,What is meant by “cash on the sidelines?”,1f8g6r5,Skepticalpositivity9,0,0.29,https://www.reddit.com/r/investing/comments/1f8g6r5/what_is_meant_by_cash_on_the_sidelines/
264,"Daily General Discussion and Advice Thread - September 03, 2024",1f7v913,AutoModerator,4,0.83,https://www.reddit.com/r/investing/comments/1f7v913/daily_general_discussion_and_advice_thread/
265,529 account to practice trading,1f8ldqt,cheezgodeedacrnch,0,0.11,https://www.reddit.com/r/investing/comments/1f8ldqt/529_account_to_practice_trading/
266,"Pulling out of bonds, looking for growth at a higher risk",1f81s04,zekeeeeey,0,0.45,https://www.reddit.com/r/investing/comments/1f81s04/pulling_out_of_bonds_looking_for_growth_at_a/
267,Market most likely will go down between September - nearly end of the October in Election Years ,1f8mhkj,RufusSpuid,0,0.19,https://www.reddit.com/r/investing/comments/1f8mhkj/market_most_likely_will_go_down_between_september/
268,Invest now or wait for October,1f8nqv3,Sugar__Pancake,0,0.25,https://www.reddit.com/r/investing/comments/1f8nqv3/invest_now_or_wait_for_october/
269,"Inherited Vanguard brokerage, need to rebalance.",1f892wg,StevenGlobe,0,0.33,https://www.reddit.com/r/investing/comments/1f892wg/inherited_vanguard_brokerage_need_to_rebalance/
270,Thoughts on Brokerage Allocation? And should I switch to VTI? ,1f85fbs,Same_Bag711,0,0.25,https://www.reddit.com/r/investing/comments/1f85fbs/thoughts_on_brokerage_allocation_and_should_i/
271,Can I use a brokerage account as a HYSA?,1f86u40,poetbro,0,0.36,https://www.reddit.com/r/investing/comments/1f86u40/can_i_use_a_brokerage_account_as_a_hysa/
272,Taiwan Semiconductor Manufacturing Company,1f7zcly,abc123icantpee,0,0.43,https://www.reddit.com/r/investing/comments/1f7zcly/taiwan_semiconductor_manufacturing_company/
273,Best Way to Grow Wealth (long-term),1f85q8d,newguyneedshelp33,0,0.41,https://www.reddit.com/r/investing/comments/1f85q8d/best_way_to_grow_wealth_longterm/
274,For Research Purposes what’s the best trading simulator to simulate multiple portfolios? ,1f7uvh7,RichBr0s,0,0.43,https://www.reddit.com/r/investing/comments/1f7uvh7/for_research_purposes_whats_the_best_trading/
275,I need your insights in my journey,1f7uun9,caffeine_addict_85,0,0.43,https://www.reddit.com/r/investing/comments/1f7uun9/i_need_your_insights_in_my_journey/
276,RE as an investment v ETFs?,1f7ubr3,Inevitable-Cherry276,0,0.5,https://www.reddit.com/r/investing/comments/1f7ubr3/re_as_an_investment_v_etfs/
277,"What do you think of gold/silver as part of an emergency fund? 
",1f72qwe,moonbunR,73,0.69,https://www.reddit.com/r/investing/comments/1f72qwe/what_do_you_think_of_goldsilver_as_part_of_an/
278,How do 1099 contractors pay tax on a Roth ira contribution?,1f7sgts,ElectroShamrock,0,0.44,https://www.reddit.com/r/investing/comments/1f7sgts/how_do_1099_contractors_pay_tax_on_a_roth_ira/
279,Diversifying into Conservative Investments,1f7gatt,BillZZ7777,3,0.67,https://www.reddit.com/r/investing/comments/1f7gatt/diversifying_into_conservative_investments/
280,Roth IRA cashout before 59 1/2,1f7e2ic,Iamgod13579,5,0.65,https://www.reddit.com/r/investing/comments/1f7e2ic/roth_ira_cashout_before_59_12/
281,How does the Public bond account work? ,1f7l145,GhostofDeception,2,0.63,https://www.reddit.com/r/investing/comments/1f7l145/how_does_the_public_bond_account_work/
282,Looking for the Ideal Tool for Fundamental Analysis: Your Recommendations and Experiences?,1f7f15c,FlameWarriorMx,4,0.67,https://www.reddit.com/r/investing/comments/1f7f15c/looking_for_the_ideal_tool_for_fundamental/
283,Need Some Advice on when to buy stocks,1f7v202,Drabslayer,0,0.23,https://www.reddit.com/r/investing/comments/1f7v202/need_some_advice_on_when_to_buy_stocks/
284,Best broker for US cost-conscious investors?,1f6v907,ValerionVaults,51,0.85,https://www.reddit.com/r/investing/comments/1f6v907/best_broker_for_us_costconscious_investors/
285,What’s your strategy on surviving a possible January 2025 debt ceiling crisis?,1f86sq4,noonewilltakemealive,0,0.19,https://www.reddit.com/r/investing/comments/1f86sq4/whats_your_strategy_on_surviving_a_possible/
286,Website offering Company Annual Report comparisons,1f7cxg1,Wookiee_King,2,0.67,https://www.reddit.com/r/investing/comments/1f7cxg1/website_offering_company_annual_report_comparisons/
287,rate my LISA portfolio - ,1f7n2jl,CCCookiedoe,0,0.5,https://www.reddit.com/r/investing/comments/1f7n2jl/rate_my_lisa_portfolio/
288,"Investing in Lululemon, good idea?",1f7ujfb,abc123icantpee,0,0.32,https://www.reddit.com/r/investing/comments/1f7ujfb/investing_in_lululemon_good_idea/
289,Seeking Alpha Quant vs Zacks Rank,1f7l2x2,jtri25,0,0.33,https://www.reddit.com/r/investing/comments/1f7l2x2/seeking_alpha_quant_vs_zacks_rank/
290,How to Actually Rebalance a Portfolio - 23F Beginner ,1f7fm08,McMacNCheese10,1,0.6,https://www.reddit.com/r/investing/comments/1f7fm08/how_to_actually_rebalance_a_portfolio_23f_beginner/
291,"Today, I heard someone on the news say that we should ""no longer invest in just the s&p 500"". How true is this?",1f83etx,thebranium,0,0.24,https://www.reddit.com/r/investing/comments/1f83etx/today_i_heard_someone_on_the_news_say_that_we/
292,IRA contribution assistance,1f7it2s,Alidinak,0,0.38,https://www.reddit.com/r/investing/comments/1f7it2s/ira_contribution_assistance/
293,Is there a way for an average Joe like me to participate in private equity companies? ,1f70rck,Charming_Jury_8688,7,0.65,https://www.reddit.com/r/investing/comments/1f70rck/is_there_a_way_for_an_average_joe_like_me_to/
294,How to decide asset allocation for individual stocks ,1f7bgho,rohit_2875,0,0.5,https://www.reddit.com/r/investing/comments/1f7bgho/how_to_decide_asset_allocation_for_individual/
295,What's the catch on Berkshire Hathaway?,1f6c823,Lopes_da_Silva_,183,0.88,https://www.reddit.com/r/investing/comments/1f6c823/whats_the_catch_on_berkshire_hathaway/
296,How do you invest your Roth IRA?,1f6u4pn,EuphoricYam40,15,0.72,https://www.reddit.com/r/investing/comments/1f6u4pn/how_do_you_invest_your_roth_ira/
297,Jump in NAV of liquid and debt funds (Indian market),1f79mu5,Artistic_Swan9537,0,0.4,https://www.reddit.com/r/investing/comments/1f79mu5/jump_in_nav_of_liquid_and_debt_funds_indian_market/
298,Is E*Trade a decent platform for a Roth IRA?,1f78x1h,LlamaTaboot_,1,0.55,https://www.reddit.com/r/investing/comments/1f78x1h/is_etrade_a_decent_platform_for_a_roth_ira/
299,Asset location - move gold/silver to taxable account?,1f78j6t,adamsdp,1,0.57,https://www.reddit.com/r/investing/comments/1f78j6t/asset_location_move_goldsilver_to_taxable_account/
300,"1st of Many Questions; $90,000/yr Passive Income from $2.25M ",1f6m9w0,dev-bitbucket,33,0.73,https://www.reddit.com/r/investing/comments/1f6m9w0/1st_of_many_questions_90000yr_passive_income_from/
301,Put trip money into index funds and stocks or 4.5 % APY savings?,1f6lp7p,omgflyingbananas,32,0.75,https://www.reddit.com/r/investing/comments/1f6lp7p/put_trip_money_into_index_funds_and_stocks_or_45/
302,Hypothetical Retirement Accounts with Taxes & RMDs in Mind,1f6r28x,Ok_Assignment4100,11,0.78,https://www.reddit.com/r/investing/comments/1f6r28x/hypothetical_retirement_accounts_with_taxes_rmds/
303,Investing advice for Roth IRA,1f7484c,Foreign-Berry-1794,1,0.67,https://www.reddit.com/r/investing/comments/1f7484c/investing_advice_for_roth_ira/
304,considering moving part of non-roth to bonds - how to do this?,1f73ppf,No-Telephone-5215,0,0.4,https://www.reddit.com/r/investing/comments/1f73ppf/considering_moving_part_of_nonroth_to_bonds_how/
305,Does anyone partake in collectible investing?,1f6zlq2,financegal36,0,0.5,https://www.reddit.com/r/investing/comments/1f6zlq2/does_anyone_partake_in_collectible_investing/
306,ETFs like Fundsmith versus the S&P? ,1f72m7y,Paradoxbuilder,0,0.45,https://www.reddit.com/r/investing/comments/1f72m7y/etfs_like_fundsmith_versus_the_sp/
307,Need help with my parents cash ,1f6utlm,Painkiller8900,6,0.69,https://www.reddit.com/r/investing/comments/1f6utlm/need_help_with_my_parents_cash/
308,"Hey folks, hat  in hand here, asking for advice.",1f7b7zs,TheCobReport,0,0.4,https://www.reddit.com/r/investing/comments/1f7b7zs/hey_folks_hat_in_hand_here_asking_for_advice/
309,"Daily General Discussion and Advice Thread - September 02, 2024",1f725lr,AutoModerator,1,0.67,https://www.reddit.com/r/investing/comments/1f725lr/daily_general_discussion_and_advice_thread/
310,Investing in your own industry ,1f6pq14,ldominique18,7,0.71,https://www.reddit.com/r/investing/comments/1f6pq14/investing_in_your_own_industry/
311,Honestly.. is AI profitable or a bubble?,1f7lb2r,ThinkBigger01,0,0.38,https://www.reddit.com/r/investing/comments/1f7lb2r/honestly_is_ai_profitable_or_a_bubble/
312,Retirement Accounts - What approaches or strategies to lower taxes?,1f7bnal,Ok_Assignment4100,0,0.22,https://www.reddit.com/r/investing/comments/1f7bnal/retirement_accounts_what_approaches_or_strategies/
313,Have you ever been a sort of a private stock investing group chat?,1f7icds,apollothegad,0,0.13,https://www.reddit.com/r/investing/comments/1f7icds/have_you_ever_been_a_sort_of_a_private_stock/
314,Implications of Buffett selling Apple,1f7ilqt,Heyolshan,0,0.32,https://www.reddit.com/r/investing/comments/1f7ilqt/implications_of_buffett_selling_apple/
315,35 Share Cannibals with Decade-Long Buyback Track Records and Significant Share Count Reduction,1f6ormk,DefinitelyNotCake,2,0.57,https://www.reddit.com/r/investing/comments/1f6ormk/35_share_cannibals_with_decadelong_buyback_track/
316,Have you seen the Reddit ads for “Basic Capital”?,1f797y7,Dynamo_Ham,0,0.21,https://www.reddit.com/r/investing/comments/1f797y7/have_you_seen_the_reddit_ads_for_basic_capital/
317,I pose this question to the community regarding my current situation. 28y/o,1f6qlo7,deezycalifornia,1,0.54,https://www.reddit.com/r/investing/comments/1f6qlo7/i_pose_this_question_to_the_community_regarding/
318,Retirement investment allocation for parents,1f6v12u,None,1,0.6,https://www.reddit.com/r/investing/comments/1f6v12u/retirement_investment_allocation_for_parents/
319,Limit of Simple Path to Wealth?,1f6mb96,Mental_Run_1846,4,0.7,https://www.reddit.com/r/investing/comments/1f6mb96/limit_of_simple_path_to_wealth/
320,Tax efficient investments for taxable brokerage account?,1f6i0fl,Ok_Assignment4100,5,0.78,https://www.reddit.com/r/investing/comments/1f6i0fl/tax_efficient_investments_for_taxable_brokerage/
321,Avantis investors any thoughts on AVMA moderate ETF,1f6sk9a,ConsistentRegion6184,1,0.6,https://www.reddit.com/r/investing/comments/1f6sk9a/avantis_investors_any_thoughts_on_avma_moderate/
322,"10k stocks, preferably underperforming ",1f7456v,EducationalAccess422,0,0.24,https://www.reddit.com/r/investing/comments/1f7456v/10k_stocks_preferably_underperforming/
323,What do you think about BlackRock ?,1f76wv9,OnePurplePopcorn,0,0.23,https://www.reddit.com/r/investing/comments/1f76wv9/what_do_you_think_about_blackrock/
324,forms to look at hedge fund transactions,1f6u6ag,idea_max_7777,0,0.43,https://www.reddit.com/r/investing/comments/1f6u6ag/forms_to_look_at_hedge_fund_transactions/
325,Requesting HYSA advice (High Yield Savings Account),1f6v2zb,dendaera,0,0.4,https://www.reddit.com/r/investing/comments/1f6v2zb/requesting_hysa_advice_high_yield_savings_account/
326,SWVXX for ex-pat who doesn't pay state taxes?,1f6o17o,slm1258,0,0.43,https://www.reddit.com/r/investing/comments/1f6o17o/swvxx_for_expat_who_doesnt_pay_state_taxes/
327,Investing in Belgium how to do it better?,1f6imxc,tlzpicknick,0,0.43,https://www.reddit.com/r/investing/comments/1f6imxc/investing_in_belgium_how_to_do_it_better/
328,$33k in CA ScholarShare account for 1 year old invested in Target 2041 fund. Am I doing this right?,1f6030t,Major-Weather-5788,22,0.67,https://www.reddit.com/r/investing/comments/1f6030t/33k_in_ca_scholarshare_account_for_1_year_old/
329,PFF instead of BND in taxable account.,1f6gp4s,c5182,0,0.5,https://www.reddit.com/r/investing/comments/1f6gp4s/pff_instead_of_bnd_in_taxable_account/
330,Does a dividend focused investor need a significant investment in bonds for diversification? ,1f6dlhq,jmjacobs25,2,0.56,https://www.reddit.com/r/investing/comments/1f6dlhq/does_a_dividend_focused_investor_need_a/
331,"Daily General Discussion and Advice Thread - September 01, 2024",1f6a3hh,AutoModerator,2,0.67,https://www.reddit.com/r/investing/comments/1f6a3hh/daily_general_discussion_and_advice_thread/
332,Opinions on this portfolio structure?,1f630x3,ratatouillegod,7,0.66,https://www.reddit.com/r/investing/comments/1f630x3/opinions_on_this_portfolio_structure/
333,Market cap to price target formula,1f6jlbe,Accomplished-Tea-843,0,0.13,https://www.reddit.com/r/investing/comments/1f6jlbe/market_cap_to_price_target_formula/
334,Same index: higher performance with higher fees vs lower performance with lower fees,1f692k5,yzT-,2,0.58,https://www.reddit.com/r/investing/comments/1f692k5/same_index_higher_performance_with_higher_fees_vs/
335,Nvidia’s massive stock buyback,1f5dp17,dukerustfield,184,0.83,https://www.reddit.com/r/investing/comments/1f5dp17/nvidias_massive_stock_buyback/
336,UTMA account for my 2 year old son,1f67bg1,jkoch35,2,0.62,https://www.reddit.com/r/investing/comments/1f67bg1/utma_account_for_my_2_year_old_son/
337,Switching my roth company T-rowe,1f673zy,novak5it,0,0.43,https://www.reddit.com/r/investing/comments/1f673zy/switching_my_roth_company_trowe/
338,VGS Passive Fund Dollar Cost Averaging,1f6649z,Particular_Feature52,0,0.5,https://www.reddit.com/r/investing/comments/1f6649z/vgs_passive_fund_dollar_cost_averaging/
339,"When stress testing a split  portfolio of SPY, QQQ, VT and SMH, what draw down should I assume ?",1f6dzc4,Nickh898,0,0.33,https://www.reddit.com/r/investing/comments/1f6dzc4/when_stress_testing_a_split_portfolio_of_spy_qqq/
340,90/10 portfolio with bond prices going up,1f655p2,_thatwaseasy,0,0.45,https://www.reddit.com/r/investing/comments/1f655p2/9010_portfolio_with_bond_prices_going_up/
341,Start to Invest and starting to create my own business ,1f62d0n,Beyondme07,0,0.5,https://www.reddit.com/r/investing/comments/1f62d0n/start_to_invest_and_starting_to_create_my_own/
342,Where should I put my DP for House since Rate Cuts Are Coming?,1f5ulng,Jmbooth901,2,0.56,https://www.reddit.com/r/investing/comments/1f5ulng/where_should_i_put_my_dp_for_house_since_rate/
